trait,r_squared,adj_r_squared,f_statistic,f_pvalue,n_observations,n_features,n_significant
extraversion,0.4671805122542856,0.4551825299304312,38.93825642045147,3.2875537555867884e-117,1000,22,13
agreeableness,0.7175193591567339,0.7111584849514607,112.80200425311251,5.587896722624047e-250,1000,22,15
neuroticism,0.5582391795962032,0.5482916483281545,56.118363898916385,3.362387875142334e-156,1000,22,12
agency,0.6545456328876155,0.6467667218574491,84.14360703565261,1.1101605668739649e-207,1000,22,14
social_desirability,0.6815298204712512,0.6743585370018219,95.03596160667229,9.237167697977688e-225,1000,22,17
