trait,r_squared,adj_r_squared,f_statistic,f_pvalue,n_observations,n_features,n_significant
extraversion,0.5261112473588736,0.5203897558571697,91.95351373015147,2.440006961211734e-288,1929,23,15
agreeableness,0.6035316678831195,0.5987449111174039,126.08362977743487,0.0,1929,23,19
neuroticism,0.6116321288319766,0.6069431729071133,130.44100619261232,0.0,1929,23,18
agency,0.582941322523783,0.5779059684125215,115.76967769159529,0.0,1929,23,19
social_desirability,0.5965412262642003,0.5916700704658152,122.46400052775597,0.0,1929,23,19
