trait,r_squared,adj_r_squared,f_statistic,f_pvalue,n_observations,n_features,n_significant
extraversion,0.567125426097076,0.5406761190857958,21.44197675406792,6.616473427189719e-164,1234,71,14
agreeableness,0.6386494067315678,0.6165703257315174,28.92554299384594,1.0598024666552972e-207,1234,71,46
neuroticism,0.6444407659749707,0.6227155459958167,29.663256187662423,1.211550030767648e-211,1234,71,13
agency,0.6383650388749191,0.6162685825583265,28.88992830925367,1.6483967618784166e-207,1234,71,17
social_desirability,0.6452373720496322,0.6235608259356252,29.76661358576363,3.4343830506615107e-212,1234,71,22
