trait,r_squared,adj_r_squared,f_statistic,f_pvalue,n_observations,n_features,n_significant
extraversion,0.5609873288444958,0.5442022455639137,33.421778103030285,6.642667822908472e-278,1929,71,14
agreeableness,0.632651544663248,0.618606450248111,45.04430699884885,0.0,1929,71,46
neuroticism,0.6363436871684564,0.6224397570601958,45.7671810929487,0.0,1929,71,17
agency,0.6149811979875071,0.600260500656927,41.776634909134295,0.0,1929,71,23
social_desirability,0.6315782690300613,0.6174921393053087,44.8368914223635,0.0,1929,71,27
