trait,r_squared,adj_r_squared,f_statistic,f_pvalue,n_observations,n_features,n_significant
extraversion,0.5609873288444949,0.5442022455639128,33.421778103030164,6.6426678229198e-278,1929,71,39
agreeableness,0.6326515446632475,0.6186064502481103,45.04430699884876,0.0,1929,71,25
neuroticism,0.6363436871684564,0.6224397570601958,45.7671810929487,0.0,1929,71,21
agency,0.6149811979875071,0.600260500656927,41.77663490913428,0.0,1929,71,22
social_desirability,0.6315782690300606,0.6174921393053079,44.8368914223634,0.0,1929,71,41
