trait,r_squared,adj_r_squared,f_statistic,f_pvalue,n_observations,n_features,n_significant
extraversion,0.5609873288444953,0.5442022455639133,33.421778103030235,6.642667822913759e-278,1929,71,39
agreeableness,0.6326515446632474,0.6186064502481103,45.044306998848725,0.0,1929,71,26
neuroticism,0.6363436871684565,0.622439757060196,45.76718109294871,0.0,1929,71,21
agency,0.6149811979875071,0.600260500656927,41.77663490913428,0.0,1929,71,23
social_desirability,0.6315782690300609,0.6174921393053081,44.836891422363415,0.0,1929,71,41
